date,id,brand,title,type,category,group,ratePer1kLabel,payoutSortRaw,budgetTotalRaw,budgetSpentRaw,availableBudgetRaw,progressPercentage,creatorCountRaw,submissionCountRaw,platforms,requiresApplication,isVerified,opensAt,createdAtMs,fundedAgo,organizationId,organizationExperienceId,organizationProfileHandle
2026-10-06,86842687-ba2b-4638-a024-995dcf3d25a3,Michael Sartain's Clipper Army,Michael Sartain's Clipping Army,cpm,,,$$2,2,10000,6532.75,3467.25,65.32,19,37,facebook|instagram|tiktok|x|youtube,False,False,,1787785688000,2mo,92bb4112-8cb7-53b6-a765-960f002e7253,exp_Vl1pCHsEx6J6CV,
2026-10-06,a900b95b-85be-4113-9d74-5bdb6a6a0952,Shuffle Clipping,Shuffle Streamers - Clipping,cpm,Entertainment,,$$1.50,1.5,25000,10316.51,14683.49,41.26,9,129,instagram|tiktok|x|youtube,True,True,,1789815104000,2w,e60228ad-89c5-477c-b7a3-26ec651d49fa,$undefined,
2026-10-06,cc9c7ec2-2274-4589-a886-d4f55005a078,Artist Influence,Geezerbomb - All I Got | Multi Edit Type Campaign,cpm,Music,,$$1,1,1000,70.9,929.1,7.09,10,13,tiktok,False,True,,1789061919000,3w,8caa4416-8b1b-5ec8-8fe0-6593859bb2d3,exp_6z7XkoY9ESnz2i,artist-influence
2026-10-06,ba8cf0c4-1aa2-48e9-b8bc-5077823a0e4e,Clip Farm,HardScope x ClipFarm,cpm,Entertainment,"{'campaignIds': ['3609f618-bc8a-495c-b5b7-db549e5f11b1', 'ba8cf0c4-1aa2-48e9-b8bc-5077823a0e4e', 'f843f2cc-0008-453a-b592-a549a77ad81d', 'c85645f1-b75f-49e2-91d5-988cf9b3fadb', '219735c8-328b-415b-bee1-20fdd00c2f7f'], 'cover': 'https://content-rewards-production-publicassetsbucket-oxvzxvnr.s3.us-east-1.amazonaws.com/organizations/07f11898-4a1a-5b98-a340-ca5b8b7d83ba/campaign-groups/covers/e47ceff4-a78a-4e35-b5b6-34681ce63252.webp', 'description': None, 'id': '7a237c80-a03b-4741-9f8e-de800275c9b7', 'name': 'HardScope x ClipFarm', 'memberCount': 5}",$$1,1,13100,1679.55,11420.45,12.82,126,218,instagram|tiktok|x|youtube,False,True,,1790620557000,1w,07f11898-4a1a-5b98-a340-ca5b8b7d83ba,exp_sKCcnfigfcLoSb,clip-farm
2026-10-06,14f743b2-c5ca-4f3e-8c0d-3010c485005d,Yomi Denzel Clipping,FR Yomi Denzel Campagne Principale,cpm,Personal Brand,,$$1,1,277435.17,270587.42,6847.75,97.53,316,50455,facebook|instagram|tiktok|youtube,True,True,,1786790447000,10mo,36061717-9bad-59ae-b59d-da559a1b20c9,exp_G3sOXQjjhODJPX,
2026-10-06,1db63081-715e-4e04-9b11-fbc1d4e8e700,BloxClips,ForgeGUI Clipping [Roblox],cpm,Technology,,$$1,1,189653,166870.27,22782.73000000001,87.98,3386,20521,instagram|tiktok|youtube,False,True,,1786790448000,5mo,95898331-98cb-5af5-aac2-0320b4037a35,exp_EfN9ClEYDL8Bh9,bloxclips
2026-10-06,188c3e39-7850-4896-94df-e7a5be0cfec3,Clip Farm,Boxabl Official Clipping,cpm,,,$$0.50,0.5,85000,19812.6,65187.4,23.3,827,3849,instagram|tiktok|x|youtube,False,True,,1786790447000,2mo,07f11898-4a1a-5b98-a340-ca5b8b7d83ba,exp_sKCcnfigfcLoSb,clip-farm
2026-10-06,e509f6d0-13bf-42bc-8450-09e12c216c33,ClipHouse,Backyard Breaks [Clipping Campaign],cpm,Sports,,$$2,2,60153.25,49153.97,10999.279999999999,81.71,225,6999,instagram|tiktok|youtube,False,True,,1787785686000,3mo,021cfb86-e931-5133-9431-4ffe856b1c0e,exp_ZqS6e8CmhdI57P,
2026-10-06,ecbd7fec-6f39-4081-aa18-1756f0ae73e9,Lovable Clipping,Lovable Clipping,cpm,,,$$1,1,50000,16541.24,33458.759999999995,33.08,389,10839,instagram|tiktok|youtube,False,True,,1787785790000,2mo,b4bb75d1-c73e-5138-920d-1114d98175bf,exp_T1NluLUJL7I2lN,
2026-10-06,10764ec4-b429-44c4-88db-fc1aef8e24a3,RobTheBank Clips 2.0,"ROBTHEBANK CLIPS $10/10,000",cpm,,,$$1,1,32000,31448.66,551.3400000000001,98.27,63,296,tiktok,False,False,,1786790446000,8mo,472dd569-1cd9-5892-90a4-f27ff0e72096,exp_1HEaQnm9iXywr7,
2026-10-06,b69f900e-9fb8-4cce-813e-89b63e10e0da,Reachify,DreamMe [HEALTH],cpm,Health & Wellness,,$$1,1,29500,26513.05,2986.9500000000007,89.87,64,2345,tiktok,False,False,,1787785688000,6mo,0b310d3f-2a89-5d8c-9de2-165a1050e36d,exp_tuSHAEqKbujxRz,
2026-10-06,70baf344-d80f-4ba2-910a-10340f2ea591,Reach,"TJR $23,100 Weekly Clipping Campaign",cpm,Content Creator,,$$0.75,0.75,23100,3835.51,19264.489999999998,16.6,869,3405,instagram|tiktok|youtube,False,True,,1790877545000,4d,fe520411-733d-5812-a383-b56f9575d049,exp_6DJh0DkDMhATvG,reach
2026-10-06,2eae3b20-87f5-4fa2-9bc3-0c2bb62facc5,WMW CLIPPING,WatchMeWin Clipping,cpm,Entertainment,,$$0.80,0.8,22555,21412.29,1142.7099999999991,94.93,93,4477,instagram|tiktok,False,False,,1786790451000,7mo,462c4211-7f4e-5b2c-aef8-697b194f97b2,exp_kfH8Rmhytjqn01,
2026-10-06,f16b7171-9d06-462c-84df-1df9e82d09e1,Clip Influence,[VIRAL] My Mini Mixed Capsule Clipping,cpm,Consumer Brand,,$$0.90,0.9,20000,10471.14,9528.86,52.35,101,955,instagram|tiktok|youtube,False,True,,1788963733000,2w,08085df9-ccc1-59b8-948d-736a5f658959,exp_U4O0YU3OIhz5lS,
2026-10-06,ebc7847a-91ea-4545-aac7-9249b84df001,Arz Urus Clipping,ARZ Urus Clipping Campaign,cpm,Personal Brand,,$$1.50,1.5,15000,11109.47,3890.5300000000007,74.06,28,241,instagram|tiktok|youtube,False,False,,1788445968000,1mo,e3f75ea7-70b2-50e5-adcd-53ec8ffdd52e,exp_nmJjj4J4Ulukqb,
2026-10-06,6e8cb2c6-7724-44a4-83da-66697acb20af,Content Rewards,Split-Screen UGC [English],cpm,,,$$3,3,13000,12544.8,455.2000000000007,96.49,61,501,instagram|tiktok|x|youtube,False,True,,1786790462000,4mo,d3dd7e61-d3ed-5db5-bdee-a4c0d47f8a51,exp_fspXQWhnF3vH76,
2026-10-06,2c65001c-d6a8-4b14-9ba6-52400794b085,Click Culture,Alpha Futures Clipping Campaign,cpm,Finance,,$$2,2,13000,8844.56,4155.4400000000005,68.03,275,602,instagram|tiktok|youtube,False,False,,1788282653000,3mo,658d98dd-19e2-5f4c-9527-a322c403a869,exp_iPwszQvgpCwxWQ,
2026-10-06,02c918ad-6f25-4bfe-a1c3-833569532c9a,Maison D'elites,Jacques Amoako x EAT,cpm,Business,,$$1.75,1.75,10000,925.54,9074.46,9.25,29,166,instagram|tiktok|youtube,True,False,,1786790444000,2mo,301e0294-52d1-5685-bb65-7c4dc6f6fe66,exp_yjTMgbYt7KKmXj,
2026-10-06,2b7f076b-2d25-4f78-9d08-4db31350b300,Carlos Esparraga Clipping,Clips Hablando - 1$ por cada 1000 visitas,cpm,Personal Brand,,$$1,1,10000,5389.5,4610.5,53.89,42,181,instagram|tiktok|youtube,True,False,,1790450594000,1w,33c5bffc-84ed-5334-89e3-9f9376ea5317,exp_9OyuS0vxboU11Q,
2026-10-06,3cd86bbc-30ac-4b34-b860-f333784f1db3,ClipHaus,COINBASE x VALORANT,cpm,Gaming,,$$1,1,10000,5729,4271,57.29,366,1099,instagram|tiktok|youtube,False,True,,1789777717000,2w,a5a5c8c5-60eb-5ecd-b1de-31ccc32e1b30,exp_BmRo1Cepnpq46o,cliphaus
2026-10-06,281ed1b9-6d32-4c10-b46f-6becf467703d,Clipix,Scroll The Bible Clipping | $9K Budget | $1.25 CPM,cpm,Apps,,$$1.25,1.25,9969.53,6920.5,3049.0300000000007,69.41,270,4105,tiktok|youtube,False,True,,1787769532000,1mo,3b7f5f59-c1b6-547b-92f0-792aaac3db4c,exp_ea6w42zHJ3rMBJ,clipix
2026-10-06,13aef7a5-3ac9-4241-be34-6ab356cd6ed4,Coin Group Media,Earn $5000 with our Logo GOPC (General Content),cpm,,,$$0.05,0.05,10000,9999.65,0.3500000000003638,99.99,95,1482,instagram,False,False,,1788282572000,2mo,2247c3dc-096d-5f9b-98bd-3a3e779f8e64,exp_ml6iXP6AtmJ9no,
2026-10-06,6f30470a-8537-4350-adcf-2d0eecd424df,VitaClips,Santa Cruz Medicinals Clipping,cpm,Health & Wellness,,$$1,1,9887,4175.73,5711.27,42.23,26,124,instagram|tiktok|youtube,False,False,,1789695387000,2w,513b8a7e-dc9a-5df0-9c02-ba741f54471d,exp_EQd8hNFqVOKzZI,
2026-10-06,1eac2183-9e1b-46b6-a15c-5cc5ad7e8348,Clip Track,Elo Cooking Slideshows Campaign,cpm,Health & Wellness,,$$1,1,8750,6878.12,1871.88,78.6,30,339,instagram|tiktok,False,False,,1786790449000,2mo,03862a78-bdc3-51fa-a49b-8e21eac4990a,exp_FZ91yrvbDnmHaC,
2026-10-06,b32d825e-cdd3-4645-8184-0275c1fe12ef,Clipping Outlaws,"OKTAGON MMA | $7,500 Budget | $1 CPM",cpm,MMA & UFC,,$$1,1,7500,3972.51,3527.49,52.96,42,124,instagram|tiktok|youtube,False,False,,1790267379000,1w,816e910b-577e-5326-8773-c0e763b7f48d,exp_In1sM6YmM3akqO,
2026-10-06,e80b84f7-6085-4761-8d5e-be01ca506454,ClipUp Official,N3ON X MPJ Podcast clips (Curious Mike),cpm,Podcasts,,$$1,1,7500,2671.88,4828.12,35.62,102,328,instagram|tiktok|youtube,False,True,,1790010622000,2w,f30ae1b6-4d4e-500e-9742-07f43aa53c60,exp_iXJEwHJKe6nf7s,
2026-10-06,88890135-26f1-4c5e-8d7c-29b85340380c,Clipbait,James O'Keefe Clipping | $7080 Budget | $1.50 CPM,cpm,,,$$1.50,1.5,7080.99,5443.36,1637.63,76.87,29,98,instagram|tiktok|x|youtube,True,False,,1787784862000,2mo,97dde6c1-eed6-550d-9090-f03f4881d430,exp_tLlYSeFibpHMqF,
2026-10-06,2432b187-415b-437c-9545-8cfa032a6155,German Clipping,(Deutsch) Call of Duty MW4,cpm,Entertainment,,$$1,1,6500,4844.76,1655.2399999999998,74.53,32,326,instagram|tiktok|youtube,False,False,,1787769531000,1mo,86f5319c-12c0-5398-8eb6-3488f9f85c65,exp_l4PvhLRr1CfCpF,
2026-10-06,9e87c2c6-1e4c-46b6-b032-3ec2c402ce75,Comedy Clipping,Charlie Berens: Get paid 1$ per 1000 views,cpm,Entertainment,,$$1,1,6400,5848.45,551.5500000000002,91.38,54,284,instagram|tiktok,False,False,,1788062035000,1mo,dad8f34b-1544-569e-8ead-ff901d323b36,exp_jsxiK8lFLhsd2W,
2026-10-06,862692c5-ef92-470f-9c15-5c244db5668c,The Clip Ship,Please Like Me (TV Show) Clipping,cpm,Movies & TV,,$$1,1,6000,3185.65,2814.35,53.09,68,140,instagram|tiktok|youtube,False,True,,1790701596000,6d,39e747b5-a3dd-54c5-a2b6-26239ffd61ee,exp_KknpnrOZ8ufFaw,
2026-10-06,44a8b5c0-8285-4c00-8acf-12da4a7cf040,Abu Lahya Clips,Abu Lahya Clipping - ClipUp,cpm,,,$$1.75,1.75,5000,4749.88,250.1199999999999,94.99,126,1057,instagram|youtube,False,False,,1787769535000,1mo,dba25e1f-47a5-5068-9ba4-f29488c57e40,exp_m7xbiXacSPwVjT,
2026-10-06,b9f3aca2-7dbd-4309-ad07-6838ab7fef38,Pablo Perez Clipping,Pablo Pérez - Sobreviviendo en Bali con 100€,cpm,Lifestyle,,$$1.50,1.5,5000,933.6,4066.4,18.67,34,79,instagram|tiktok|youtube,True,False,,1789031061000,3w,0bc95380-719d-4ce8-b222-92630f799614,exp_E6SpNooE3LJiCe,
2026-10-06,58b6da43-64e0-4c96-859b-8ab2683e2071,CLIP IT UP,"""BLINKxLIZ"" CLIPPING CAMPAIGN | $5000 | $1.5 (CPM)",cpm,Personal Brand,,$$1,1,5000,4954.31,45.6899999999996,99.08,154,781,instagram|tiktok|x|youtube,False,False,,1786790458000,4mo,24bc54bf-467b-56aa-81e8-3af22ebceddf,exp_iEmWzZw6BdeOHY,
2026-10-06,a0068572-69c8-49eb-ab55-97f7ee542ba0,Clouted,NGHTMRE & JORDIN SPARKS — No Air Clipping,cpm,Music,,$$0.75,0.75,5000,496.09,4503.91,9.92,64,152,instagram|tiktok,False,False,,1789635948000,2w,19797935-1d66-58f1-b78a-6eeddefd99dc,exp_bSGAWLh0L4GmpB,
2026-10-06,7610267f-aa08-45b4-9975-6acf0faeca1a,Carlotta Sabina Academy,Clips Hablando de VALOR - Tiktok/Youtube/Instagram,cpm,,,$$0.50,0.5,5000,1319.46,3680.54,26.38,30,107,instagram|tiktok|youtube,False,False,,1787770421000,1mo,fdc4cee1-c788-53cf-a711-dd4bbdffc8db,exp_YJXn66LJGRcZaD,
2026-10-06,218d362d-f6ff-4763-8f62-ba6ff0f03d66,Content Rewards UGC [International],UGC Repurposing [International],cpm,,,$$0.50,0.5,5000,1901.13,3098.87,38.02,64,206,instagram|tiktok|x|youtube,False,False,,1786790449000,4mo,0509b4cb-8410-5b89-83ec-c17d96c7704a,exp_Q5JcJggb3l7FH7,
2026-10-06,b9b58693-b70d-419c-b660-e6c38903c8f3,Afiliados Mario Vincere,Mario Vincere 1 USD = 1K de vistas,cpm,Personal Brand,,$$1,1,4076.25,2390.91,1685.3400000000001,58.65,76,1826,instagram|tiktok|youtube,False,False,,1787785781000,4mo,520a3308-c405-5c4c-9967-395c18bec9e1,exp_Clm3fPhgH7CcAP,
2026-10-06,e73e9e9c-fba4-4c8b-9c0e-6fb1e607c2a5,Arabic Clipping,Ali Alhamed ,cpm,Finance,,$$1,1,4000,2013.71,1986.29,50.34,30,188,instagram|tiktok,False,True,,1788534491000,3w,3d29ab44-aeb3-5bf2-86c0-aaf4a1af87f7,exp_ipGUVPJfCnxy6X,
2026-10-06,a2726858-79e3-4d47-a681-f0fbba34d19e,Harrison Webb Clips,Harrison Webb $300 per 1M Views,cpm,Entertainment,,$$0.50,0.5,4000,2898.26,1101.7399999999998,72.45,41,626,instagram|tiktok|youtube,False,False,,1787785707000,8mo,165b1bb1-d04c-5d4c-8da4-fef0c6fc12ef,exp_h7NkFC4Nui4QKn,
2026-10-06,70d993b4-0dd0-46ad-9497-53551c4ece0e,Eclipse,Kelsey Cook: Netflix Special Clipping,cpm,Stand-Up,,$$2,2,3655,3138.04,516.96,85.85,28,125,instagram,False,False,,1790729417000,5d,32d93ad1-a5ce-56d5-83ee-285c48743148,exp_FxsN9SquLPn4y7,
2026-10-06,eaa3ff22-e6e4-4396-8d7a-148cf5db3664,Amplify Media,Chad Powers S2 | Ricky + Russ Edits,cpm,Movies & TV,,$$2.50,2.5,3600,2944.56,655.44,81.79,79,163,instagram|tiktok,False,False,,1789557214000,2w,19df0e78-eae2-51f1-b4a0-9d1fab856d0e,exp_UknqO2hIQgIOsf,
2026-10-06,2f4f74ef-7a5f-4e37-894b-94c56bc0ddc4,Clipr Agency,Post Clips for Sinparty,cpm,Entertainment,,$$5,5,3160,1273.84,1886.16,40.31,113,461,instagram|tiktok,False,False,,1786790452000,2mo,ebf36fd7-cfe5-5598-a99f-d1a56d863234,exp_3Gsd7dAxqF5u7a,
2026-10-06,5e664c59-cf05-4fb6-94b3-a3647a129f0c,ClipBack Limited,Clipback: $CLIP,cpm,Crypto,,$$1,1,3467.5,1764.86,1702.64,50.89,50,88,instagram|tiktok|x|youtube,False,False,,1789994638000,2w,3027d733-bf73-4b51-87a5-d9563bbafdc6,exp_ebVQ93g8Bs6UGQ,
2026-10-06,b46e43fd-8879-4ce6-a0fa-167d5f3e830d,Rendr Studios,Antoine Sallis Clipping | $1.50 CPM | All Plats,cpm,Business,,$$2,2,3250,3040.14,209.86000000000013,93.54,138,479,instagram|tiktok|youtube,False,False,,1787785780000,2mo,e99b92a7-2ec6-569c-bb6e-6b4fe0aec388,exp_38hd4Li4AIx7Qf,
2026-10-06,12b2027b-81d8-4e26-b148-6d1d89f9bc54,Cliptic,Ismail Vali Clips,cpm,Entertainment,,$$2,2,3034.46,3025.76,8.699999999999818,99.71,42,691,instagram|tiktok|youtube,False,True,,1786790446000,2mo,cd243356-6697-596a-accd-83faa72a8672,exp_0fc4JxPGJ4ZlX8,
2026-10-06,8cea2f0d-87e7-4ab7-8a47-ee7e84c6706d,Clipper Army,The Up Next Fighting Clipping Campaign,cpm,,,$$1,1,3000,352.33,2647.67,11.74,180,949,instagram|tiktok|youtube,False,False,,1787785688000,1mo,d14f45b1-c548-52ee-b21a-4d8497220eae,exp_ScVsdGaAWAwqKi,
2026-10-06,e4eabfb5-a4c0-41ff-927c-39cb28c00828,Eneba,Eneba Campaign,cpm,,,$$1,1,3000,983.97,2016.03,32.79,81,213,instagram|tiktok|youtube,False,False,,1787785788000,1mo,5e100488-37e8-5f88-9553-8e58dd52ceea,exp_1vCQVhXJGW7BhZ,
2026-10-06,926e1b7f-1030-4333-a557-f99d9f891437,RYAN ZOFAY,Ryan Zofay - Clipping Campaign 01,cpm,,,$$0.75,0.75,3000,535.69,2464.31,17.85,37,59,instagram|tiktok,False,False,,1787785703000,1mo,8a196fa1-7e21-5494-beec-01b8821d435a,exp_2RYZx8wxRpddn4,
2026-10-06,9b363698-c022-4819-992a-7357dd391629,Clipping Nest,Brenduh Kick Stream Clipping ,cpm,Entertainment,,$$0.50,0.5,3000,2929.44,70.55999999999995,97.64,25,277,instagram|tiktok|youtube,False,False,,1789578401000,2w,350151ee-ffdb-56fd-827b-379fb42118dc,exp_4xV0I19nOWyALU,
2026-10-06,7c1c6e53-a4a7-42bf-95e4-b8610d26a7de,ClipLaunch,DiegoLoveless Clipping,cpm,Twitch,,$$2,2,2800,2185.55,614.4499999999998,78.05,46,67,instagram|tiktok,False,True,,1787770422000,3mo,43893b4f-434d-549b-9037-4f1c62984ff2,exp_drhUyiUEj7jN3e,
2026-10-07,86842687-ba2b-4638-a024-995dcf3d25a3,Michael Sartain's Clipper Army,Michael Sartain's Clipping Army,cpm,,,$$2,2,10000,6724.72,3275.2799999999997,67.24,19,38,facebook|instagram|tiktok|x|youtube,False,False,,1787785688000,2mo,92bb4112-8cb7-53b6-a765-960f002e7253,exp_Vl1pCHsEx6J6CV,
2026-10-07,a900b95b-85be-4113-9d74-5bdb6a6a0952,Shuffle Clipping,Shuffle Streamers - Clipping,cpm,Entertainment,,$$1.50,1.5,25000,12189.9,12810.1,48.75,9,150,instagram|tiktok|x|youtube,True,True,,1789815104000,2w,e60228ad-89c5-477c-b7a3-26ec651d49fa,$undefined,
2026-10-07,cc9c7ec2-2274-4589-a886-d4f55005a078,Artist Influence,Geezerbomb - All I Got | Multi Edit Type Campaign,cpm,Music,,$$1,1,1000,70.97,929.03,7.09,10,13,tiktok,False,True,,1789061919000,3w,8caa4416-8b1b-5ec8-8fe0-6593859bb2d3,exp_6z7XkoY9ESnz2i,artist-influence
2026-10-07,ba8cf0c4-1aa2-48e9-b8bc-5077823a0e4e,Clip Farm,HardScope x ClipFarm,cpm,Entertainment,"{'campaignIds': ['3609f618-bc8a-495c-b5b7-db549e5f11b1', 'ba8cf0c4-1aa2-48e9-b8bc-5077823a0e4e', 'f843f2cc-0008-453a-b592-a549a77ad81d', 'c85645f1-b75f-49e2-91d5-988cf9b3fadb', '219735c8-328b-415b-bee1-20fdd00c2f7f'], 'cover': 'https://content-rewards-production-publicassetsbucket-oxvzxvnr.s3.us-east-1.amazonaws.com/organizations/07f11898-4a1a-5b98-a340-ca5b8b7d83ba/campaign-groups/covers/e47ceff4-a78a-4e35-b5b6-34681ce63252.webp', 'description': None, 'id': '7a237c80-a03b-4741-9f8e-de800275c9b7', 'name': 'HardScope x ClipFarm', 'memberCount': 5}",$$1,1,13100,2624.65,10475.35,20.03,188,317,instagram|tiktok|x|youtube,False,True,,1790620557000,1w,07f11898-4a1a-5b98-a340-ca5b8b7d83ba,exp_sKCcnfigfcLoSb,clip-farm
2026-10-07,14f743b2-c5ca-4f3e-8c0d-3010c485005d,Yomi Denzel Clipping,FR Yomi Denzel Campagne Principale,cpm,Personal Brand,,$$1,1,277435.17,272794.97,4640.200000000012,98.32,316,50910,facebook|instagram|tiktok|youtube,True,True,,1786790447000,10mo,36061717-9bad-59ae-b59d-da559a1b20c9,exp_G3sOXQjjhODJPX,
2026-10-07,1db63081-715e-4e04-9b11-fbc1d4e8e700,BloxClips,ForgeGUI Clipping [Roblox],cpm,Technology,,$$1,1,189653,167964.98,21688.01999999999,88.56,3396,20747,instagram|tiktok|youtube,False,True,,1786790448000,5mo,95898331-98cb-5af5-aac2-0320b4037a35,exp_EfN9ClEYDL8Bh9,bloxclips
2026-10-07,188c3e39-7850-4896-94df-e7a5be0cfec3,Clip Farm,Boxabl Official Clipping,cpm,,,$$0.50,0.5,85000,19876.49,65123.509999999995,23.38,830,3863,instagram|tiktok|x|youtube,False,True,,1786790447000,2mo,07f11898-4a1a-5b98-a340-ca5b8b7d83ba,exp_sKCcnfigfcLoSb,clip-farm
2026-10-07,e509f6d0-13bf-42bc-8450-09e12c216c33,ClipHouse,Backyard Breaks [Clipping Campaign],cpm,Sports,,$$2,2,60153.25,49653.48,10499.769999999997,82.54,225,7094,instagram|tiktok|youtube,False,True,,1787785686000,3mo,021cfb86-e931-5133-9431-4ffe856b1c0e,exp_ZqS6e8CmhdI57P,
2026-10-07,ecbd7fec-6f39-4081-aa18-1756f0ae73e9,Lovable Clipping,Lovable Clipping,cpm,,,$$1,1,50000,16761.45,33238.55,33.52,394,10988,instagram|tiktok|youtube,False,True,,1787785790000,2mo,b4bb75d1-c73e-5138-920d-1114d98175bf,exp_T1NluLUJL7I2lN,
2026-10-07,10764ec4-b429-44c4-88db-fc1aef8e24a3,RobTheBank Clips 2.0,"ROBTHEBANK CLIPS $10/10,000",cpm,,,$$1,1,32000,31448.66,551.3400000000001,98.27,63,296,tiktok,False,False,,1786790446000,8mo,472dd569-1cd9-5892-90a4-f27ff0e72096,exp_1HEaQnm9iXywr7,
2026-10-07,b69f900e-9fb8-4cce-813e-89b63e10e0da,Reachify,DreamMe [HEALTH],cpm,Health & Wellness,,$$1,1,29500,26592.64,2907.3600000000006,90.14,64,2363,tiktok,False,False,,1787785688000,6mo,0b310d3f-2a89-5d8c-9de2-165a1050e36d,exp_tuSHAEqKbujxRz,
2026-10-07,70baf344-d80f-4ba2-910a-10340f2ea591,Reach,"TJR $23,100 Weekly Clipping Campaign",cpm,Content Creator,,$$0.75,0.75,23100,6253.87,16846.13,27.07,891,3485,instagram|tiktok|youtube,False,True,,1790877545000,5d,fe520411-733d-5812-a383-b56f9575d049,exp_6DJh0DkDMhATvG,reach
2026-10-07,2eae3b20-87f5-4fa2-9bc3-0c2bb62facc5,WMW CLIPPING,WatchMeWin Clipping,cpm,Entertainment,,$$0.80,0.8,22555,21667.5,887.5,96.06,99,4673,instagram|tiktok,False,False,,1786790451000,7mo,462c4211-7f4e-5b2c-aef8-697b194f97b2,exp_kfH8Rmhytjqn01,
2026-10-07,f16b7171-9d06-462c-84df-1df9e82d09e1,Clip Influence,[VIRAL] My Mini Mixed Capsule Clipping,cpm,Consumer Brand,,$$0.90,0.9,20000,10701.71,9298.29,53.5,102,999,instagram|tiktok|youtube,False,True,,1788963733000,2w,08085df9-ccc1-59b8-948d-736a5f658959,exp_U4O0YU3OIhz5lS,
2026-10-07,ebc7847a-91ea-4545-aac7-9249b84df001,Arz Urus Clipping,ARZ Urus Clipping Campaign,cpm,Personal Brand,,$$1.50,1.5,15000,11123.69,3876.3099999999995,74.15,28,241,instagram|tiktok|youtube,False,False,,1788445968000,1mo,e3f75ea7-70b2-50e5-adcd-53ec8ffdd52e,exp_nmJjj4J4Ulukqb,
2026-10-07,6e8cb2c6-7724-44a4-83da-66697acb20af,Content Rewards,Split-Screen UGC [English],cpm,,,$$3,3,13000,12593.26,406.7399999999998,96.87,62,507,instagram|tiktok|x|youtube,False,True,,1786790462000,4mo,d3dd7e61-d3ed-5db5-bdee-a4c0d47f8a51,exp_fspXQWhnF3vH76,
2026-10-07,2c65001c-d6a8-4b14-9ba6-52400794b085,Click Culture,Alpha Futures Clipping Campaign,cpm,Finance,,$$2,2,13000,9053.8,3946.2000000000007,69.64,298,657,instagram|tiktok|youtube,False,False,,1788282653000,3mo,658d98dd-19e2-5f4c-9527-a322c403a869,exp_iPwszQvgpCwxWQ,
2026-10-07,02c918ad-6f25-4bfe-a1c3-833569532c9a,Maison D'elites,Jacques Amoako x EAT,cpm,Business,,$$1.75,1.75,10000,926.63,9073.37,9.26,28,162,instagram|tiktok|youtube,True,False,,1786790444000,2mo,301e0294-52d1-5685-bb65-7c4dc6f6fe66,exp_yjTMgbYt7KKmXj,
2026-10-07,2b7f076b-2d25-4f78-9d08-4db31350b300,Carlos Esparraga Clipping,Clips Hablando - 1$ por cada 1000 visitas,cpm,Personal Brand,,$$1,1,10000,5460.48,4539.52,54.6,42,181,instagram|tiktok|youtube,True,False,,1790450594000,1w,33c5bffc-84ed-5334-89e3-9f9376ea5317,exp_9OyuS0vxboU11Q,
2026-10-07,3cd86bbc-30ac-4b34-b860-f333784f1db3,ClipHaus,COINBASE x VALORANT,cpm,Gaming,,$$1,1,10000,5358.68,4641.32,53.58,354,1044,instagram|tiktok|youtube,False,True,,1789777717000,2w,a5a5c8c5-60eb-5ecd-b1de-31ccc32e1b30,exp_BmRo1Cepnpq46o,cliphaus
2026-10-07,281ed1b9-6d32-4c10-b46f-6becf467703d,Clipix,Scroll The Bible Clipping | $9K Budget | $1.25 CPM,cpm,Apps,,$$1.25,1.25,9969.53,7586.55,2382.9800000000005,76.09,289,4474,tiktok|youtube,False,True,,1787769532000,1mo,3b7f5f59-c1b6-547b-92f0-792aaac3db4c,exp_ea6w42zHJ3rMBJ,clipix
2026-10-07,13aef7a5-3ac9-4241-be34-6ab356cd6ed4,Coin Group Media,Earn $5000 with our Logo GOPC (General Content),cpm,,,$$0.05,0.05,10000,9999.65,0.3500000000003638,99.99,95,1482,instagram,False,False,,1788282572000,2mo,2247c3dc-096d-5f9b-98bd-3a3e779f8e64,exp_ml6iXP6AtmJ9no,
2026-10-07,6f30470a-8537-4350-adcf-2d0eecd424df,VitaClips,Santa Cruz Medicinals Clipping,cpm,Health & Wellness,,$$1,1,9887,4658.11,5228.89,47.11,26,139,instagram|tiktok|youtube,False,False,,1789695387000,2w,513b8a7e-dc9a-5df0-9c02-ba741f54471d,exp_EQd8hNFqVOKzZI,
2026-10-07,1eac2183-9e1b-46b6-a15c-5cc5ad7e8348,Clip Track,Elo Cooking Slideshows Campaign,cpm,Health & Wellness,,$$1,1,8750,6992.96,1757.04,79.91,30,348,instagram|tiktok,False,False,,1786790449000,2mo,03862a78-bdc3-51fa-a49b-8e21eac4990a,exp_FZ91yrvbDnmHaC,
2026-10-07,b32d825e-cdd3-4645-8184-0275c1fe12ef,Clipping Outlaws,"OKTAGON MMA | $7,500 Budget | $1 CPM",cpm,MMA & UFC,,$$1,1,7500,4898.19,2601.8100000000004,65.3,50,145,instagram|tiktok|youtube,False,False,,1790267379000,1w,816e910b-577e-5326-8773-c0e763b7f48d,exp_In1sM6YmM3akqO,
2026-10-07,e80b84f7-6085-4761-8d5e-be01ca506454,ClipUp Official,N3ON X MPJ Podcast clips (Curious Mike),cpm,Podcasts,,$$1,1,7500,2755.07,4744.93,36.73,103,336,instagram|tiktok|youtube,False,True,,1790010622000,2w,f30ae1b6-4d4e-500e-9742-07f43aa53c60,exp_iXJEwHJKe6nf7s,
2026-10-07,7c247780-9eb8-4cea-b9b5-a9d1b7661745,Syndicate,CleanCam X Syndicate,cpm,Apps,,$$2.50,2.5,7049,1377.64,5671.36,19.54,26,147,tiktok,False,True,,1788282940000,2mo,3adb8791-c116-5d56-8961-66c8b86afaa1,exp_DsQ52GJhhjZ2Ns,
2026-10-07,88890135-26f1-4c5e-8d7c-29b85340380c,Clipbait,James O'Keefe Clipping | $7080 Budget | $1.50 CPM,cpm,,,$$1.50,1.5,7080.99,5443.36,1637.63,76.87,29,98,instagram|tiktok|x|youtube,True,False,,1787784862000,2mo,97dde6c1-eed6-550d-9090-f03f4881d430,exp_tLlYSeFibpHMqF,
2026-10-07,2432b187-415b-437c-9545-8cfa032a6155,German Clipping,(Deutsch) Call of Duty MW4,cpm,Entertainment,,$$1,1,6500,4919.86,1580.1400000000003,75.69,34,335,instagram|tiktok|youtube,False,False,,1787769531000,2mo,86f5319c-12c0-5398-8eb6-3488f9f85c65,exp_l4PvhLRr1CfCpF,
2026-10-07,9e87c2c6-1e4c-46b6-b032-3ec2c402ce75,Comedy Clipping,Charlie Berens: Get paid 1$ per 1000 views,cpm,Entertainment,,$$1,1,6400,6011.96,388.03999999999996,93.93,54,284,instagram|tiktok,False,False,,1788062035000,1mo,dad8f34b-1544-569e-8ead-ff901d323b36,exp_jsxiK8lFLhsd2W,
2026-10-07,862692c5-ef92-470f-9c15-5c244db5668c,The Clip Ship,Please Like Me (TV Show) Clipping,cpm,Movies & TV,,$$1,1,6000,3577.95,2422.05,59.63,77,169,instagram|tiktok|youtube,False,True,,1790701596000,1w,39e747b5-a3dd-54c5-a2b6-26239ffd61ee,exp_KknpnrOZ8ufFaw,
2026-10-07,5991571d-8c83-41e8-941c-34d96476c06b,Jackelyne Clips,Jackelyne Campaign,cpm,Entertainment,,$$1.50,1.5,5670,958.24,4711.76,16.9,27,135,instagram|tiktok|x|youtube,False,False,,1789798666000,2w,e3066c95-fb72-4233-8f44-9a8544028f04,exp_7ePUkLEvVeLI92,
2026-10-07,b9f3aca2-7dbd-4309-ad07-6838ab7fef38,Pablo Perez Clipping,Pablo Pérez - Sobreviviendo en Bali con 100€,cpm,Lifestyle,,$$1.50,1.5,5000,938.05,4061.95,18.76,34,79,instagram|tiktok|youtube,True,False,,1789031061000,3w,0bc95380-719d-4ce8-b222-92630f799614,exp_E6SpNooE3LJiCe,
2026-10-07,58b6da43-64e0-4c96-859b-8ab2683e2071,CLIP IT UP,"""BLINKxLIZ"" CLIPPING CAMPAIGN | $5000 | $1.5 (CPM)",cpm,Personal Brand,,$$1,1,5000,4954.44,45.5600000000004,99.08,154,781,instagram|tiktok|x|youtube,False,False,,1786790458000,4mo,24bc54bf-467b-56aa-81e8-3af22ebceddf,exp_iEmWzZw6BdeOHY,
2026-10-07,7610267f-aa08-45b4-9975-6acf0faeca1a,Carlotta Sabina Academy,Clips Hablando de VALOR - Tiktok/Youtube/Instagram,cpm,,,$$0.50,0.5,5000,1339.36,3660.6400000000003,26.78,31,110,instagram|tiktok|youtube,False,False,,1787770421000,1mo,fdc4cee1-c788-53cf-a711-dd4bbdffc8db,exp_YJXn66LJGRcZaD,
2026-10-07,218d362d-f6ff-4763-8f62-ba6ff0f03d66,Content Rewards UGC [International],UGC Repurposing [International],cpm,,,$$0.50,0.5,5000,1901.13,3098.87,38.02,64,206,instagram|tiktok|x|youtube,False,False,,1786790449000,4mo,0509b4cb-8410-5b89-83ec-c17d96c7704a,exp_Q5JcJggb3l7FH7,
2026-10-07,cb5ea267-0c32-4fda-b010-0cc29512039e,Gattouz0 - Clipping,GATTOUZ0 CLIPPING CAMPAIGN 🔥,cpm,Entertainment,,$$0.20,0.2,5000,1977.98,3022.02,39.55,26,149,instagram|tiktok|x|youtube,False,False,,1790176221000,1w,9834614c-a6b4-5875-8618-3c2eeafac625,exp_OK2NHHKh2odvke,
2026-10-07,b9b58693-b70d-419c-b660-e6c38903c8f3,Afiliados Mario Vincere,Mario Vincere 1 USD = 1K de vistas,cpm,Personal Brand,,$$1,1,4076.25,2394.58,1681.67,58.74,76,1826,instagram|tiktok|youtube,False,False,,1787785781000,4mo,520a3308-c405-5c4c-9967-395c18bec9e1,exp_Clm3fPhgH7CcAP,
2026-10-07,e73e9e9c-fba4-4c8b-9c0e-6fb1e607c2a5,Arabic Clipping,Ali Alhamed ,cpm,Finance,,$$1,1,4000,2032.1,1967.9,50.8,30,188,instagram|tiktok,False,True,,1788534491000,3w,3d29ab44-aeb3-5bf2-86c0-aaf4a1af87f7,exp_ipGUVPJfCnxy6X,
2026-10-07,a2726858-79e3-4d47-a681-f0fbba34d19e,Harrison Webb Clips,Harrison Webb $300 per 1M Views,cpm,Entertainment,,$$0.50,0.5,4000,2903.51,1096.4899999999998,72.58,41,627,instagram|tiktok|youtube,False,False,,1787785707000,8mo,165b1bb1-d04c-5d4c-8da4-fef0c6fc12ef,exp_h7NkFC4Nui4QKn,
2026-10-07,eaa3ff22-e6e4-4396-8d7a-148cf5db3664,Amplify Media,Chad Powers S2 | Ricky + Russ Edits,cpm,Movies & TV,,$$2.50,2.5,3600,3081.8,518.1999999999998,85.6,80,176,instagram|tiktok,False,False,,1789557214000,2w,19df0e78-eae2-51f1-b4a0-9d1fab856d0e,exp_UknqO2hIQgIOsf,
2026-10-07,2f4f74ef-7a5f-4e37-894b-94c56bc0ddc4,Clipr Agency,Post Clips for Sinparty,cpm,Entertainment,,$$5,5,3160,972.9,2187.1,30.78,111,442,instagram|tiktok,False,False,,1786790452000,2mo,ebf36fd7-cfe5-5598-a99f-d1a56d863234,exp_3Gsd7dAxqF5u7a,
2026-10-07,5e664c59-cf05-4fb6-94b3-a3647a129f0c,ClipBack Limited,Clipback: $CLIP,cpm,Crypto,,$$1,1,3467.5,1764.89,1702.61,50.89,50,88,instagram|tiktok|x|youtube,False,False,,1789994638000,2w,3027d733-bf73-4b51-87a5-d9563bbafdc6,exp_ebVQ93g8Bs6UGQ,
2026-10-07,12b2027b-81d8-4e26-b148-6d1d89f9bc54,Cliptic,Ismail Vali Clips,cpm,Entertainment,,$$2,2,3034.46,3025.76,8.699999999999818,99.71,42,691,instagram|tiktok|youtube,False,True,,1786790446000,2mo,cd243356-6697-596a-accd-83faa72a8672,exp_0fc4JxPGJ4ZlX8,
2026-10-07,8cea2f0d-87e7-4ab7-8a47-ee7e84c6706d,Clipper Army,The Up Next Fighting Clipping Campaign,cpm,,,$$1,1,3000,352.46,2647.54,11.74,180,949,instagram|tiktok|youtube,False,False,,1787785688000,1mo,d14f45b1-c548-52ee-b21a-4d8497220eae,exp_ScVsdGaAWAwqKi,
2026-10-07,e4eabfb5-a4c0-41ff-927c-39cb28c00828,Eneba,Eneba Campaign,cpm,,,$$1,1,3000,992.09,2007.9099999999999,33.06,81,213,instagram|tiktok|youtube,False,False,,1787785788000,1mo,5e100488-37e8-5f88-9553-8e58dd52ceea,exp_1vCQVhXJGW7BhZ,
2026-10-07,926e1b7f-1030-4333-a557-f99d9f891437,RYAN ZOFAY,Ryan Zofay - Clipping Campaign 01,cpm,,,$$0.75,0.75,3000,535.72,2464.2799999999997,17.85,37,59,instagram|tiktok,False,False,,1787785703000,1mo,8a196fa1-7e21-5494-beec-01b8821d435a,exp_2RYZx8wxRpddn4,
2026-10-07,7c1c6e53-a4a7-42bf-95e4-b8610d26a7de,ClipLaunch,DiegoLoveless Clipping,cpm,Twitch,,$$2,2,2800,2185.55,614.4499999999998,78.05,46,67,instagram|tiktok,False,True,,1787770422000,3mo,43893b4f-434d-549b-9037-4f1c62984ff2,exp_drhUyiUEj7jN3e,
2026-10-07,cd30789b-ecc7-48eb-98db-123dc84f5a25,Tropical Revival,No Tomorrow Audio Campaign | Soccer/Friendship/Nostalgia Edits,cpm,,,$$1,1,2500,2385.33,114.67000000000007,95.41,44,162,instagram|tiktok,False,False,,1787785784000,2mo,0ab87570-a51b-5d3e-b90c-c841f9c18d8a,exp_FVclWeddQXk3TU,
2026-10-07,9b248ec0-0be4-4223-bab1-202b5013c0e7,ClipScales - Roblox Clipping,Roblox App Clipping,cpm,Software,,$$1,1,2377,1536.65,840.3499999999999,64.64,68,246,instagram|tiktok|youtube,False,False,,1788668705000,1mo,6e219035-801e-4bc4-8115-96f554f1e237,exp_AYSYkCk2ljkAZ8,
2026-10-08,86842687-ba2b-4638-a024-995dcf3d25a3,Michael Sartain's Clipper Army,Michael Sartain's Clipping Army,cpm,,,$$2,2,10000,6843.15,3156.8500000000004,68.43,20,40,facebook|instagram|tiktok|x|youtube,False,False,,1787785688000,2mo,92bb4112-8cb7-53b6-a765-960f002e7253,exp_Vl1pCHsEx6J6CV,
2026-10-08,a900b95b-85be-4113-9d74-5bdb6a6a0952,Shuffle Clipping,Shuffle Streamers - Clipping,cpm,Entertainment,,$$1.50,1.5,25000,13217.36,11782.64,52.86,9,164,instagram|tiktok|x|youtube,True,True,,1789815104000,2w,e60228ad-89c5-477c-b7a3-26ec651d49fa,$undefined,
2026-10-08,cc9c7ec2-2274-4589-a886-d4f55005a078,Artist Influence,Geezerbomb - All I Got | Multi Edit Type Campaign,cpm,Music,,$$1,1,1000,79.29,920.71,7.92,20,25,tiktok,False,True,,1789061919000,3w,8caa4416-8b1b-5ec8-8fe0-6593859bb2d3,exp_6z7XkoY9ESnz2i,artist-influence
2026-10-08,14f743b2-c5ca-4f3e-8c0d-3010c485005d,Yomi Denzel Clipping,FR Yomi Denzel Campagne Principale,cpm,Personal Brand,,$$1,1,277435.17,274046.06,3389.109999999986,98.77,318,51311,facebook|instagram|tiktok|youtube,True,True,,1786790447000,10mo,36061717-9bad-59ae-b59d-da559a1b20c9,exp_G3sOXQjjhODJPX,yomi-denzel-clipping
2026-10-08,1db63081-715e-4e04-9b11-fbc1d4e8e700,BloxClips,ForgeGUI Clipping [Roblox],cpm,Technology,,$$1,1,189653,168761.2,20891.79999999999,88.98,3420,20921,instagram|tiktok|youtube,False,True,,1786790448000,5mo,95898331-98cb-5af5-aac2-0320b4037a35,exp_EfN9ClEYDL8Bh9,bloxclips
2026-10-08,188c3e39-7850-4896-94df-e7a5be0cfec3,Clip Farm,Boxabl Official Clipping,cpm,,,$$0.50,0.5,85000,19941.87,65058.130000000005,23.46,835,3879,instagram|tiktok|x|youtube,False,True,,1786790447000,2mo,07f11898-4a1a-5b98-a340-ca5b8b7d83ba,exp_sKCcnfigfcLoSb,clip-farm
2026-10-08,e509f6d0-13bf-42bc-8450-09e12c216c33,ClipHouse,Backyard Breaks [Clipping Campaign],cpm,Sports,,$$2,2,60153.25,49852.57,10300.68,82.87,225,7097,instagram|tiktok|youtube,False,True,,1787785686000,3mo,021cfb86-e931-5133-9431-4ffe856b1c0e,exp_ZqS6e8CmhdI57P,cliphouse
2026-10-08,ecbd7fec-6f39-4081-aa18-1756f0ae73e9,Lovable Clipping,Lovable Clipping,cpm,,,$$1,1,50000,17709.09,32290.91,35.41,407,11666,instagram|tiktok|youtube,False,True,,1787785790000,2mo,b4bb75d1-c73e-5138-920d-1114d98175bf,exp_T1NluLUJL7I2lN,lovable-clipping
2026-10-08,10764ec4-b429-44c4-88db-fc1aef8e24a3,RobTheBank Clips 2.0,"ROBTHEBANK CLIPS $10/10,000",cpm,,,$$1,1,32000,31448.66,551.3400000000001,98.27,63,296,tiktok,False,False,,1786790446000,8mo,472dd569-1cd9-5892-90a4-f27ff0e72096,exp_1HEaQnm9iXywr7,
2026-10-08,b69f900e-9fb8-4cce-813e-89b63e10e0da,Reachify,DreamMe [HEALTH],cpm,Health & Wellness,,$$1,1,29500,26603.44,2896.5600000000013,90.18,65,2364,tiktok,False,False,,1787785688000,6mo,0b310d3f-2a89-5d8c-9de2-165a1050e36d,exp_tuSHAEqKbujxRz,
2026-10-08,70baf344-d80f-4ba2-910a-10340f2ea591,Reach,"TJR $23,100 Weekly Clipping Campaign",cpm,Content Creator,,$$0.75,0.75,23100,7690.29,15409.71,33.29,900,3520,instagram|tiktok|youtube,False,True,,1790877545000,6d,fe520411-733d-5812-a383-b56f9575d049,exp_6DJh0DkDMhATvG,reach
2026-10-08,2eae3b20-87f5-4fa2-9bc3-0c2bb62facc5,WMW CLIPPING,WatchMeWin Clipping,cpm,Entertainment,,$$0.80,0.8,22555,21892.92,662.0800000000017,97.06,100,4758,instagram|tiktok,False,False,,1786790451000,7mo,462c4211-7f4e-5b2c-aef8-697b194f97b2,exp_kfH8Rmhytjqn01,
2026-10-08,f16b7171-9d06-462c-84df-1df9e82d09e1,Clip Influence,[VIRAL] My Mini Mixed Capsule Clipping,cpm,Consumer Brand,,$$0.90,0.9,20000,10925.7,9074.3,54.62,105,1049,instagram|tiktok|youtube,False,True,,1788963733000,2w,08085df9-ccc1-59b8-948d-736a5f658959,exp_U4O0YU3OIhz5lS,
2026-10-08,ebc7847a-91ea-4545-aac7-9249b84df001,Arz Urus Clipping,ARZ Urus Clipping Campaign,cpm,Personal Brand,,$$1.50,1.5,15000,11325.33,3674.67,75.5,28,248,instagram|tiktok|youtube,False,False,,1788445968000,1mo,e3f75ea7-70b2-50e5-adcd-53ec8ffdd52e,exp_nmJjj4J4Ulukqb,
2026-10-08,6e8cb2c6-7724-44a4-83da-66697acb20af,Content Rewards,Split-Screen UGC [English],cpm,,,$$3,3,13000,12671.77,328.22999999999956,97.47,63,513,instagram|tiktok|x|youtube,False,True,,1786790462000,4mo,d3dd7e61-d3ed-5db5-bdee-a4c0d47f8a51,exp_fspXQWhnF3vH76,
2026-10-08,2c65001c-d6a8-4b14-9ba6-52400794b085,Click Culture,Alpha Futures Clipping Campaign,cpm,Finance,,$$2,2,13000,9209.29,3790.709999999999,70.84,315,702,instagram|tiktok|youtube,False,False,,1788282653000,3mo,658d98dd-19e2-5f4c-9527-a322c403a869,exp_iPwszQvgpCwxWQ,
2026-10-08,02c918ad-6f25-4bfe-a1c3-833569532c9a,Maison D'elites,Jacques Amoako x EAT,cpm,Business,,$$1.75,1.75,10000,937.99,9062.01,9.37,28,162,instagram|tiktok|youtube,True,False,,1786790444000,2mo,301e0294-52d1-5685-bb65-7c4dc6f6fe66,exp_yjTMgbYt7KKmXj,
2026-10-08,2b7f076b-2d25-4f78-9d08-4db31350b300,Carlos Esparraga Clipping,Clips Hablando - 1$ por cada 1000 visitas,cpm,Personal Brand,,$$1,1,10000,7447.23,2552.7700000000004,74.47,47,261,instagram|tiktok|youtube,True,False,,1790450594000,1w,33c5bffc-84ed-5334-89e3-9f9376ea5317,exp_9OyuS0vxboU11Q,
2026-10-08,3cd86bbc-30ac-4b34-b860-f333784f1db3,ClipHaus,COINBASE x VALORANT,cpm,Gaming,,$$1,1,10000,5365.88,4634.12,53.65,354,1044,instagram|tiktok|youtube,False,True,,1789777717000,2w,a5a5c8c5-60eb-5ecd-b1de-31ccc32e1b30,exp_BmRo1Cepnpq46o,cliphaus
2026-10-08,281ed1b9-6d32-4c10-b46f-6becf467703d,Clipix,Scroll The Bible Clipping | $9K Budget | $1.25 CPM,cpm,Apps,,$$1.25,1.25,9969.53,8264.35,1705.1800000000003,82.89,295,4732,tiktok|youtube,False,True,,1787769532000,1mo,3b7f5f59-c1b6-547b-92f0-792aaac3db4c,exp_ea6w42zHJ3rMBJ,clipix
2026-10-08,13aef7a5-3ac9-4241-be34-6ab356cd6ed4,Coin Group Media,Earn $5000 with our Logo GOPC (General Content),cpm,,,$$0.05,0.05,10000,9999.65,0.3500000000003638,99.99,95,1482,instagram,False,False,,1788282572000,2mo,2247c3dc-096d-5f9b-98bd-3a3e779f8e64,exp_ml6iXP6AtmJ9no,
2026-10-08,6f30470a-8537-4350-adcf-2d0eecd424df,VitaClips,Santa Cruz Medicinals Clipping,cpm,Health & Wellness,,$$1,1,9887,5013.14,4873.86,50.7,26,140,instagram|tiktok|youtube,False,False,,1789695387000,2w,513b8a7e-dc9a-5df0-9c02-ba741f54471d,exp_EQd8hNFqVOKzZI,
2026-10-08,1eac2183-9e1b-46b6-a15c-5cc5ad7e8348,Clip Track,Elo Cooking Slideshows Campaign,cpm,Health & Wellness,,$$1,1,8150,7056,1094,86.57,30,349,instagram|tiktok,False,False,,1786790449000,2mo,03862a78-bdc3-51fa-a49b-8e21eac4990a,exp_FZ91yrvbDnmHaC,
2026-10-08,b32d825e-cdd3-4645-8184-0275c1fe12ef,Clipping Outlaws,"OKTAGON MMA | $7,500 Budget | $1 CPM",cpm,MMA & UFC,,$$1,1,7500,5503.37,1996.63,73.37,64,173,instagram|tiktok|youtube,False,False,,1790267379000,1w,816e910b-577e-5326-8773-c0e763b7f48d,exp_In1sM6YmM3akqO,
2026-10-08,e80b84f7-6085-4761-8d5e-be01ca506454,ClipUp Official,N3ON X MPJ Podcast clips (Curious Mike),cpm,Podcasts,,$$1,1,7500,3020.48,4479.52,40.27,109,362,instagram|tiktok|youtube,False,True,,1790010622000,2w,f30ae1b6-4d4e-500e-9742-07f43aa53c60,exp_iXJEwHJKe6nf7s,clipup-official
2026-10-08,7c247780-9eb8-4cea-b9b5-a9d1b7661745,Syndicate,CleanCam X Syndicate,cpm,Apps,,$$2,2,7049,2706.54,4342.46,38.39,34,260,tiktok,False,True,,1788282940000,2mo,3adb8791-c116-5d56-8961-66c8b86afaa1,exp_DsQ52GJhhjZ2Ns,syndicate
2026-10-08,88890135-26f1-4c5e-8d7c-29b85340380c,Clipbait,James O'Keefe Clipping | $7080 Budget | $1.50 CPM,cpm,,,$$1.50,1.5,7080.99,5443.36,1637.63,76.87,29,98,instagram|tiktok|x|youtube,True,False,,1787784862000,2mo,97dde6c1-eed6-550d-9090-f03f4881d430,exp_tLlYSeFibpHMqF,
2026-10-08,2432b187-415b-437c-9545-8cfa032a6155,German Clipping,(Deutsch) Call of Duty MW4,cpm,Entertainment,,$$1,1,6500,4967.06,1532.9399999999996,76.41,34,338,instagram|tiktok|youtube,False,False,,1787769531000,2mo,86f5319c-12c0-5398-8eb6-3488f9f85c65,exp_l4PvhLRr1CfCpF,
2026-10-08,9e87c2c6-1e4c-46b6-b032-3ec2c402ce75,Comedy Clipping,Charlie Berens: Get paid 1$ per 1000 views,cpm,Entertainment,,$$1,1,6400,6060.75,339.25,94.69,54,284,instagram|tiktok,False,False,,1788062035000,1mo,dad8f34b-1544-569e-8ead-ff901d323b36,exp_jsxiK8lFLhsd2W,
2026-10-08,862692c5-ef92-470f-9c15-5c244db5668c,The Clip Ship,Please Like Me (TV Show) Clipping,cpm,Movies & TV,,$$1,1,6000,3635.56,2364.44,60.59,78,172,instagram|tiktok|youtube,False,True,,1790701596000,1w,39e747b5-a3dd-54c5-a2b6-26239ffd61ee,exp_KknpnrOZ8ufFaw,the-clip-ship
2026-10-08,5991571d-8c83-41e8-941c-34d96476c06b,Jackelyne Clips,Jackelyne Campaign,cpm,Entertainment,,$$1.50,1.5,5670,996.58,4673.42,17.57,26,132,instagram|tiktok|x|youtube,False,False,,1789798666000,2w,e3066c95-fb72-4233-8f44-9a8544028f04,exp_7ePUkLEvVeLI92,
2026-10-08,b9f3aca2-7dbd-4309-ad07-6838ab7fef38,Pablo Perez Clipping,Pablo Pérez - Sobreviviendo en Bali con 100€,cpm,Lifestyle,,$$1.50,1.5,5000,942.02,4057.98,18.84,34,79,instagram|tiktok|youtube,True,False,,1789031061000,3w,0bc95380-719d-4ce8-b222-92630f799614,exp_E6SpNooE3LJiCe,
2026-10-08,58b6da43-64e0-4c96-859b-8ab2683e2071,CLIP IT UP,"""BLINKxLIZ"" CLIPPING CAMPAIGN | $5000 | $1.5 (CPM)",cpm,Personal Brand,,$$1,1,5000,4954.56,45.4399999999996,99.09,154,781,instagram|tiktok|x|youtube,False,False,,1786790458000,4mo,24bc54bf-467b-56aa-81e8-3af22ebceddf,exp_iEmWzZw6BdeOHY,
2026-10-08,7610267f-aa08-45b4-9975-6acf0faeca1a,Carlotta Sabina Academy,Clips Hablando de VALOR - Tiktok/Youtube/Instagram,cpm,,,$$0.50,0.5,5000,1371.97,3628.0299999999997,27.43,31,115,instagram|tiktok|youtube,False,False,,1787770421000,1mo,fdc4cee1-c788-53cf-a711-dd4bbdffc8db,exp_YJXn66LJGRcZaD,
2026-10-08,218d362d-f6ff-4763-8f62-ba6ff0f03d66,Content Rewards UGC [International],UGC Repurposing [International],cpm,,,$$0.50,0.5,5000,1901.13,3098.87,38.02,64,206,instagram|tiktok|x|youtube,False,False,,1786790449000,4mo,0509b4cb-8410-5b89-83ec-c17d96c7704a,exp_Q5JcJggb3l7FH7,
2026-10-08,cb5ea267-0c32-4fda-b010-0cc29512039e,Gattouz0 - Clipping,GATTOUZ0 CLIPPING CAMPAIGN 🔥,cpm,Entertainment,,$$0.20,0.2,5000,1987.84,3012.16,39.75,26,149,instagram|tiktok|x|youtube,False,False,,1790176221000,2w,9834614c-a6b4-5875-8618-3c2eeafac625,exp_OK2NHHKh2odvke,
2026-10-08,b9b58693-b70d-419c-b660-e6c38903c8f3,Afiliados Mario Vincere,Mario Vincere 1 USD = 1K de vistas,cpm,Personal Brand,,$$1,1,4076.25,2677.72,1398.5300000000002,65.69,77,1832,instagram|tiktok|youtube,False,False,,1787785781000,4mo,520a3308-c405-5c4c-9967-395c18bec9e1,exp_Clm3fPhgH7CcAP,
2026-10-08,e73e9e9c-fba4-4c8b-9c0e-6fb1e607c2a5,Arabic Clipping,Ali Alhamed ,cpm,Finance,,$$1,1,4000,2119.13,1880.87,52.97,31,196,instagram|tiktok,False,True,,1788534491000,3w,3d29ab44-aeb3-5bf2-86c0-aaf4a1af87f7,exp_ipGUVPJfCnxy6X,
2026-10-08,a2726858-79e3-4d47-a681-f0fbba34d19e,Harrison Webb Clips,Harrison Webb $300 per 1M Views,cpm,Entertainment,,$$0.50,0.5,4000,3038.7,961.3000000000002,75.96,46,643,instagram|tiktok|youtube,False,False,,1787785707000,8mo,165b1bb1-d04c-5d4c-8da4-fef0c6fc12ef,exp_h7NkFC4Nui4QKn,
2026-10-08,3535a610-8137-45fd-984e-7de9f71c141d,ClippedIn,"$$3,850 Architects ""Machine"" Sound Campaign",cpm,Music,,$$1,1,3850,2981.96,868.04,77.45,33,229,instagram|tiktok,False,False,,1790791166000,1w,b5d86b5d-b3a3-5970-809c-81b92ccff73c,exp_XfcRmGSAzuTsnM,
2026-10-08,eaa3ff22-e6e4-4396-8d7a-148cf5db3664,Amplify Media,Chad Powers S2 | Ricky + Russ Edits,cpm,Movies & TV,,$$2.50,2.5,3600,3292.26,307.7399999999998,91.45,82,186,instagram|tiktok,False,False,,1789557214000,2w,19df0e78-eae2-51f1-b4a0-9d1fab856d0e,exp_UknqO2hIQgIOsf,
2026-10-08,2f4f74ef-7a5f-4e37-894b-94c56bc0ddc4,Clipr Agency,Post Clips for Sinparty,cpm,Entertainment,,$$5,5,3160,1006.76,2153.24,31.85,111,442,instagram|tiktok,False,False,,1786790452000,2mo,ebf36fd7-cfe5-5598-a99f-d1a56d863234,exp_3Gsd7dAxqF5u7a,
2026-10-08,5e664c59-cf05-4fb6-94b3-a3647a129f0c,ClipBack Limited,Clipback: $CLIP,cpm,Crypto,,$$1,1,3467.5,1764.92,1702.58,50.89,50,88,instagram|tiktok|x|youtube,False,False,,1789994638000,2w,3027d733-bf73-4b51-87a5-d9563bbafdc6,exp_ebVQ93g8Bs6UGQ,
2026-10-08,fd59ffd2-40a8-4a83-819e-4eb032533076,Right Click,Sky: Children of the Light - Dear Van Gogh - YT,cpm,Entertainment,,$$2.80,2.8,3000,1361.32,1638.68,45.37,53,273,youtube,False,False,,1789149892000,3w,aebb8b1a-93d2-5548-968a-c31579bf5eab,exp_A5qltXcp9BsbO2,
2026-10-08,12b2027b-81d8-4e26-b148-6d1d89f9bc54,Cliptic,Ismail Vali Clips,cpm,Entertainment,,$$2,2,3034.46,3025.76,8.699999999999818,99.71,42,691,instagram|tiktok|youtube,False,True,,1786790446000,2mo,cd243356-6697-596a-accd-83faa72a8672,exp_0fc4JxPGJ4ZlX8,cliptic
2026-10-08,8cea2f0d-87e7-4ab7-8a47-ee7e84c6706d,Clipper Army,The Up Next Fighting Clipping Campaign,cpm,,,$$1,1,3000,358,2642,11.93,180,949,instagram|tiktok|youtube,False,False,,1787785688000,1mo,d14f45b1-c548-52ee-b21a-4d8497220eae,exp_ScVsdGaAWAwqKi,
2026-10-08,e4eabfb5-a4c0-41ff-927c-39cb28c00828,Eneba,Eneba Campaign,cpm,,,$$1,1,3000,1011.48,1988.52,33.71,86,219,instagram|tiktok|youtube,False,False,,1787785788000,1mo,5e100488-37e8-5f88-9553-8e58dd52ceea,exp_1vCQVhXJGW7BhZ,
2026-10-08,926e1b7f-1030-4333-a557-f99d9f891437,RYAN ZOFAY,Ryan Zofay - Clipping Campaign 01,cpm,,,$$0.75,0.75,3000,535.73,2464.27,17.85,37,59,instagram|tiktok,False,False,,1787785703000,1mo,8a196fa1-7e21-5494-beec-01b8821d435a,exp_2RYZx8wxRpddn4,
2026-10-08,7c1c6e53-a4a7-42bf-95e4-b8610d26a7de,ClipLaunch,DiegoLoveless Clipping,cpm,Twitch,,$$2,2,2800,2185.55,614.4499999999998,78.05,46,67,instagram|tiktok,False,True,,1787770422000,3mo,43893b4f-434d-549b-9037-4f1c62984ff2,exp_drhUyiUEj7jN3e,cliplaunch
2026-10-08,cd30789b-ecc7-48eb-98db-123dc84f5a25,Tropical Revival,No Tomorrow Audio Campaign | Soccer/Friendship/Nostalgia Edits,cpm,,,$$1,1,2500,2385.35,114.65000000000009,95.41,44,162,instagram|tiktok,False,False,,1787785784000,2mo,0ab87570-a51b-5d3e-b90c-c841f9c18d8a,exp_FVclWeddQXk3TU,
